Type,Method,Job,AnalyzeLaunchVariance,EvaluateOverhead,MaxAbsoluteError,MaxRelativeError,MinInvokeCount,MinIterationTime,OutlierMode,Affinity,EnvironmentVariables,Jit,LargeAddressAware,Platform,PowerPlanMode,Runtime,AllowVeryLargeObjects,Concurrent,CpuGroups,Force,HeapAffinitizeMask,HeapCount,NoAffinitize,RetainVm,Server,Arguments,BuildConfiguration,Clock,EngineFactory,NuGetReferences,Toolchain,IsMutator,InvocationCount,IterationCount,IterationTime,LaunchCount,MaxIterationCount,MaxWarmupIterationCount,MemoryRandomization,MinIterationCount,MinWarmupIterationCount,RunStrategy,UnrollFactor,WarmupCount,Mean,Error,StdDev,Median,Ratio,RatioSD,Gen0,Gen1,Allocated,Alloc Ratio
MassTransitMediatorWarmPathComparisonBenchmarks,'Dispatch (local): Single command',warmpath-inproc,False,Default,Default,Default,Default,Default,Default,11111111111111111111111111111111,Empty,RyuJit,Default,X64,00000000-0000-0000-0000-000000000000,.NET 10.0,False,True,False,True,Default,Default,False,False,False,Default,Default,Default,Default,Default,InProcessEmitToolchain,Default,Default,Default,Default,Default,Default,Default,Default,Default,Default,Default,16,Default,28.56 ns,0.238 ns,0.222 ns,28.48 ns,1.00,0.01,0.0013,0.0000,24 B,1.00
MassTransitWarmPathComparisonBenchmarks,'Dispatch: Single command',warmpath-inproc,False,Default,Default,Default,Default,Default,Default,11111111111111111111111111111111,Empty,RyuJit,Default,X64,00000000-0000-0000-0000-000000000000,.NET 10.0,False,True,False,True,Default,Default,False,False,False,Default,Default,Default,Default,Default,InProcessEmitToolchain,Default,Default,Default,Default,Default,Default,Default,Default,Default,Default,Default,16,Default,29.21 ns,0.310 ns,0.259 ns,29.18 ns,1.02,0.01,0.0013,0.0000,24 B,1.00
MediatRWarmPathComparisonBenchmarks,'Dispatch: Single command handler',warmpath-inproc,False,Default,Default,Default,Default,Default,Default,11111111111111111111111111111111,Empty,RyuJit,Default,X64,00000000-0000-0000-0000-000000000000,.NET 10.0,False,True,False,True,Default,Default,False,False,False,Default,Default,Default,Default,Default,InProcessEmitToolchain,Default,Default,Default,Default,Default,Default,Default,Default,Default,Default,Default,16,Default,30.49 ns,0.331 ns,0.276 ns,30.37 ns,1.07,0.01,0.0013,0.0000,24 B,1.00
PipelineWarmPathComparisonBenchmarks,'Dispatch: 3 middleware behaviors',warmpath-inproc,False,Default,Default,Default,Default,Default,Default,11111111111111111111111111111111,Empty,RyuJit,Default,X64,00000000-0000-0000-0000-000000000000,.NET 10.0,False,True,False,True,Default,Default,False,False,False,Default,Default,Default,Default,Default,InProcessEmitToolchain,Default,Default,Default,Default,Default,Default,Default,Default,Default,Default,Default,16,Default,49.86 ns,0.944 ns,0.883 ns,49.77 ns,1.75,0.03,0.0089,0.0000,168 B,7.00
RoutingFirstParityWarmPathBenchmarks,'Dispatch: pre-routed local command',warmpath-inproc,False,Default,Default,Default,Default,Default,Default,11111111111111111111111111111111,Empty,RyuJit,Default,X64,00000000-0000-0000-0000-000000000000,.NET 10.0,False,True,False,True,Default,Default,False,False,False,Default,Default,Default,Default,Default,InProcessEmitToolchain,Default,Default,Default,Default,Default,Default,Default,Default,Default,Default,Default,16,Default,91.77 ns,1.353 ns,1.199 ns,91.55 ns,3.21,0.05,0.0110,0.0000,208 B,8.67
TransportQueueParityWarmPathComparisonBenchmarks,'Dispatch (remote): queued command end-to-end',warmpath-inproc,False,Default,Default,Default,Default,Default,Default,11111111111111111111111111111111,Empty,RyuJit,Default,X64,00000000-0000-0000-0000-000000000000,.NET 10.0,False,True,False,True,Default,Default,False,False,False,Default,Default,Default,Default,Default,InProcessEmitToolchain,Default,Default,Default,Default,Default,Default,Default,Default,Default,Default,Default,16,Default,"1,465.46 ns",28.588 ns,43.658 ns,"1,460.04 ns",51.31,1.55,0.0420,0.0000,796 B,33.17
WolverineInProcessWarmPathComparisonBenchmarks,'Dispatch (local): Single command',warmpath-inproc,False,Default,Default,Default,Default,Default,Default,11111111111111111111111111111111,Empty,RyuJit,Default,X64,00000000-0000-0000-0000-000000000000,.NET 10.0,False,True,False,True,Default,Default,False,False,False,Default,Default,Default,Default,Default,InProcessEmitToolchain,Default,Default,Default,Default,Default,Default,Default,Default,Default,Default,Default,16,Default,33.08 ns,0.371 ns,0.329 ns,33.14 ns,1.16,0.01,0.0013,0.0000,24 B,1.00
WolverineWarmPathComparisonBenchmarks,'Dispatch: Single command',warmpath-inproc,False,Default,Default,Default,Default,Default,Default,11111111111111111111111111111111,Empty,RyuJit,Default,X64,00000000-0000-0000-0000-000000000000,.NET 10.0,False,True,False,True,Default,Default,False,False,False,Default,Default,Default,Default,Default,InProcessEmitToolchain,Default,Default,Default,Default,Default,Default,Default,Default,Default,Default,Default,16,Default,29.46 ns,0.445 ns,0.395 ns,29.28 ns,1.03,0.02,0.0013,0.0000,24 B,1.00
MassTransitMediatorWarmPathComparisonBenchmarks,'MassTransit Mediator (ambient scope): Single command',warmpath-inproc,False,Default,Default,Default,Default,Default,Default,11111111111111111111111111111111,Empty,RyuJit,Default,X64,00000000-0000-0000-0000-000000000000,.NET 10.0,False,True,False,True,Default,Default,False,False,False,Default,Default,Default,Default,Default,InProcessEmitToolchain,Default,Default,Default,Default,Default,Default,Default,Default,Default,Default,Default,16,Default,"1,207.93 ns",23.953 ns,32.787 ns,"1,213.71 ns",42.29,1.17,0.1869,0.0000,3544 B,147.67
MassTransitWarmPathComparisonBenchmarks,'Dispatch (tuned direct-local): Single command',warmpath-inproc,False,Default,Default,Default,Default,Default,Default,11111111111111111111111111111111,Empty,RyuJit,Default,X64,00000000-0000-0000-0000-000000000000,.NET 10.0,False,True,False,True,Default,Default,False,False,False,Default,Default,Default,Default,Default,InProcessEmitToolchain,Default,Default,Default,Default,Default,Default,Default,Default,Default,Default,Default,16,Default,33.75 ns,0.667 ns,0.714 ns,33.51 ns,1.18,0.03,0.0013,0.0000,24 B,1.00
MediatRWarmPathComparisonBenchmarks,'Dispatch: Single command strict direct-local',warmpath-inproc,False,Default,Default,Default,Default,Default,Default,11111111111111111111111111111111,Empty,RyuJit,Default,X64,00000000-0000-0000-0000-000000000000,.NET 10.0,False,True,False,True,Default,Default,False,False,False,Default,Default,Default,Default,Default,InProcessEmitToolchain,Default,Default,Default,Default,Default,Default,Default,Default,Default,Default,Default,16,Default,30.23 ns,0.090 ns,0.075 ns,30.22 ns,1.06,0.01,0.0013,0.0000,24 B,1.00
PipelineWarmPathComparisonBenchmarks,'MediatR: 3 pipeline behaviors',warmpath-inproc,False,Default,Default,Default,Default,Default,Default,11111111111111111111111111111111,Empty,RyuJit,Default,X64,00000000-0000-0000-0000-000000000000,.NET 10.0,False,True,False,True,Default,Default,False,False,False,Default,Default,Default,Default,Default,InProcessEmitToolchain,Default,Default,Default,Default,Default,Default,Default,Default,Default,Default,Default,16,Default,160.99 ns,2.659 ns,2.487 ns,160.97 ns,5.64,0.09,0.0393,0.0000,744 B,31.00
RoutingFirstParityWarmPathBenchmarks,'Dispatch: pre-routed local query',warmpath-inproc,False,Default,Default,Default,Default,Default,Default,11111111111111111111111111111111,Empty,RyuJit,Default,X64,00000000-0000-0000-0000-000000000000,.NET 10.0,False,True,False,True,Default,Default,False,False,False,Default,Default,Default,Default,Default,InProcessEmitToolchain,Default,Default,Default,Default,Default,Default,Default,Default,Default,Default,Default,16,Default,117.61 ns,2.386 ns,2.231 ns,117.98 ns,4.12,0.08,0.0212,0.0000,400 B,16.67
TransportQueueParityWarmPathComparisonBenchmarks,'Wolverine: queued command end-to-end (SendAsync)',warmpath-inproc,False,Default,Default,Default,Default,Default,Default,11111111111111111111111111111111,Empty,RyuJit,Default,X64,00000000-0000-0000-0000-000000000000,.NET 10.0,False,True,False,True,Default,Default,False,False,False,Default,Default,Default,Default,Default,InProcessEmitToolchain,Default,Default,Default,Default,Default,Default,Default,Default,Default,Default,Default,16,Default,"4,283.66 ns",31.448 ns,27.878 ns,"4,284.21 ns",149.99,1.47,0.2289,0.0000,4400 B,183.33
WolverineInProcessWarmPathComparisonBenchmarks,'Dispatch (ultra-local): Single command',warmpath-inproc,False,Default,Default,Default,Default,Default,Default,11111111111111111111111111111111,Empty,RyuJit,Default,X64,00000000-0000-0000-0000-000000000000,.NET 10.0,False,True,False,True,Default,Default,False,False,False,Default,Default,Default,Default,Default,InProcessEmitToolchain,Default,Default,Default,Default,Default,Default,Default,Default,Default,Default,Default,16,Default,33.41 ns,0.388 ns,0.344 ns,33.30 ns,1.17,0.01,0.0013,0.0000,24 B,1.00
WolverineWarmPathComparisonBenchmarks,'Dispatch: Single command (ultra-local)',warmpath-inproc,False,Default,Default,Default,Default,Default,Default,11111111111111111111111111111111,Empty,RyuJit,Default,X64,00000000-0000-0000-0000-000000000000,.NET 10.0,False,True,False,True,Default,Default,False,False,False,Default,Default,Default,Default,Default,InProcessEmitToolchain,Default,Default,Default,Default,Default,Default,Default,Default,Default,Default,Default,16,Default,33.10 ns,0.073 ns,0.057 ns,33.08 ns,1.16,0.01,0.0013,0.0000,24 B,1.00
MassTransitMediatorWarmPathComparisonBenchmarks,'MassTransit Mediator (scope per message): Single command',warmpath-inproc,False,Default,Default,Default,Default,Default,Default,11111111111111111111111111111111,Empty,RyuJit,Default,X64,00000000-0000-0000-0000-000000000000,.NET 10.0,False,True,False,True,Default,Default,False,False,False,Default,Default,Default,Default,Default,InProcessEmitToolchain,Default,Default,Default,Default,Default,Default,Default,Default,Default,Default,Default,16,Default,"1,570.61 ns",31.325 ns,39.616 ns,"1,575.12 ns",54.99,1.42,0.2289,0.0000,4336 B,180.67
MassTransitWarmPathComparisonBenchmarks,'MassTransit: Single command',warmpath-inproc,False,Default,Default,Default,Default,Default,Default,11111111111111111111111111111111,Empty,RyuJit,Default,X64,00000000-0000-0000-0000-000000000000,.NET 10.0,False,True,False,True,Default,Default,False,False,False,Default,Default,Default,Default,Default,InProcessEmitToolchain,Default,Default,Default,Default,Default,Default,Default,Default,Default,Default,Default,16,Default,"21,372.61 ns","2,291.181 ns","6,755.600 ns","18,691.75 ns",748.34,235.51,1.0986,0.0000,21987 B,916.12
MediatRWarmPathComparisonBenchmarks,'Dispatch: Single command ultra-local API',warmpath-inproc,False,Default,Default,Default,Default,Default,Default,11111111111111111111111111111111,Empty,RyuJit,Default,X64,00000000-0000-0000-0000-000000000000,.NET 10.0,False,True,False,True,Default,Default,False,False,False,Default,Default,Default,Default,Default,InProcessEmitToolchain,Default,Default,Default,Default,Default,Default,Default,Default,Default,Default,Default,16,Default,33.20 ns,0.225 ns,0.188 ns,33.12 ns,1.16,0.01,0.0013,0.0000,24 B,1.00
PipelineWarmPathComparisonBenchmarks,'Wolverine: 3 middleware',warmpath-inproc,False,Default,Default,Default,Default,Default,Default,11111111111111111111111111111111,Empty,RyuJit,Default,X64,00000000-0000-0000-0000-000000000000,.NET 10.0,False,True,False,True,Default,Default,False,False,False,Default,Default,Default,Default,Default,InProcessEmitToolchain,Default,Default,Default,Default,Default,Default,Default,Default,Default,Default,Default,16,Default,235.32 ns,2.617 ns,2.185 ns,235.27 ns,8.24,0.10,0.0358,0.0000,680 B,28.33
RoutingFirstParityWarmPathBenchmarks,'Dispatch: pre-routed remote event (AWS SQS)',warmpath-inproc,False,Default,Default,Default,Default,Default,Default,11111111111111111111111111111111,Empty,RyuJit,Default,X64,00000000-0000-0000-0000-000000000000,.NET 10.0,False,True,False,True,Default,Default,False,False,False,Default,Default,Default,Default,Default,InProcessEmitToolchain,Default,Default,Default,Default,Default,Default,Default,Default,Default,Default,Default,16,Default,181.60 ns,0.950 ns,0.793 ns,181.58 ns,6.36,0.05,0.0160,0.0000,304 B,12.67
TransportQueueParityWarmPathComparisonBenchmarks,'MassTransit: queued command end-to-end (Publish)',warmpath-inproc,False,Default,Default,Default,Default,Default,Default,11111111111111111111111111111111,Empty,RyuJit,Default,X64,00000000-0000-0000-0000-000000000000,.NET 10.0,False,True,False,True,Default,Default,False,False,False,Default,Default,Default,Default,Default,InProcessEmitToolchain,Default,Default,Default,Default,Default,Default,Default,Default,Default,Default,Default,16,Default,"19,563.72 ns","1,900.156 ns","5,602.653 ns","17,275.37 ns",685.01,195.33,1.1749,0.0305,22006 B,916.92
WolverineInProcessWarmPathComparisonBenchmarks,'Wolverine (in-process): Single command InvokeAsync',warmpath-inproc,False,Default,Default,Default,Default,Default,Default,11111111111111111111111111111111,Empty,RyuJit,Default,X64,00000000-0000-0000-0000-000000000000,.NET 10.0,False,True,False,True,Default,Default,False,False,False,Default,Default,Default,Default,Default,InProcessEmitToolchain,Default,Default,Default,Default,Default,Default,Default,Default,Default,Default,Default,16,Default,186.54 ns,2.803 ns,2.485 ns,186.11 ns,6.53,0.10,0.0310,0.0000,584 B,24.33
WolverineWarmPathComparisonBenchmarks,'Wolverine: Single command (InvokeAsync)',warmpath-inproc,False,Default,Default,Default,Default,Default,Default,11111111111111111111111111111111,Empty,RyuJit,Default,X64,00000000-0000-0000-0000-000000000000,.NET 10.0,False,True,False,True,Default,Default,False,False,False,Default,Default,Default,Default,Default,InProcessEmitToolchain,Default,Default,Default,Default,Default,Default,Default,Default,Default,Default,Default,16,Default,193.63 ns,3.375 ns,3.157 ns,193.91 ns,6.78,0.12,0.0317,0.0000,600 B,25.00
MassTransitMediatorWarmPathComparisonBenchmarks,'Dispatch (tuned direct-local): Single command',warmpath-inproc,False,Default,Default,Default,Default,Default,Default,11111111111111111111111111111111,Empty,RyuJit,Default,X64,00000000-0000-0000-0000-000000000000,.NET 10.0,False,True,False,True,Default,Default,False,False,False,Default,Default,Default,Default,Default,InProcessEmitToolchain,Default,Default,Default,Default,Default,Default,Default,Default,Default,Default,Default,16,Default,31.79 ns,0.083 ns,0.064 ns,31.80 ns,1.11,0.01,0.0013,0.0000,24 B,1.00
MassTransitWarmPathComparisonBenchmarks,'Dispatch: Event to 2 handlers',warmpath-inproc,False,Default,Default,Default,Default,Default,Default,11111111111111111111111111111111,Empty,RyuJit,Default,X64,00000000-0000-0000-0000-000000000000,.NET 10.0,False,True,False,True,Default,Default,False,False,False,Default,Default,Default,Default,Default,InProcessEmitToolchain,Default,Default,Default,Default,Default,Default,Default,Default,Default,Default,Default,16,Default,120.53 ns,0.928 ns,0.823 ns,120.29 ns,4.22,0.04,0.0050,0.0000,96 B,4.00
MediatRWarmPathComparisonBenchmarks,'MediatR: Single command handler',warmpath-inproc,False,Default,Default,Default,Default,Default,Default,11111111111111111111111111111111,Empty,RyuJit,Default,X64,00000000-0000-0000-0000-000000000000,.NET 10.0,False,True,False,True,Default,Default,False,False,False,Default,Default,Default,Default,Default,InProcessEmitToolchain,Default,Default,Default,Default,Default,Default,Default,Default,Default,Default,Default,16,Default,43.36 ns,0.891 ns,0.875 ns,43.52 ns,1.52,0.03,0.0080,0.0000,152 B,6.33
PipelineWarmPathComparisonBenchmarks,'MassTransit: 3 consume filters',warmpath-inproc,False,Default,Default,Default,Default,Default,Default,11111111111111111111111111111111,Empty,RyuJit,Default,X64,00000000-0000-0000-0000-000000000000,.NET 10.0,False,True,False,True,Default,Default,False,False,False,Default,Default,Default,Default,Default,InProcessEmitToolchain,Default,Default,Default,Default,Default,Default,Default,Default,Default,Default,Default,16,Default,"2,195.85 ns",42.811 ns,74.980 ns,"2,219.92 ns",76.89,2.66,0.2403,0.0000,4568 B,190.33
RoutingFirstParityWarmPathBenchmarks,'Dispatch: pre-routed remote event (Azure Service Bus)',warmpath-inproc,False,Default,Default,Default,Default,Default,Default,11111111111111111111111111111111,Empty,RyuJit,Default,X64,00000000-0000-0000-0000-000000000000,.NET 10.0,False,True,False,True,Default,Default,False,False,False,Default,Default,Default,Default,Default,InProcessEmitToolchain,Default,Default,Default,Default,Default,Default,Default,Default,Default,Default,Default,16,Default,189.39 ns,2.204 ns,1.841 ns,189.47 ns,6.63,0.08,0.0160,0.0000,304 B,12.67
TransportQueueParityWarmPathComparisonBenchmarks,'Dispatch (remote): queued event fan-out end-to-end',warmpath-inproc,False,Default,Default,Default,Default,Default,Default,11111111111111111111111111111111,Empty,RyuJit,Default,X64,00000000-0000-0000-0000-000000000000,.NET 10.0,False,True,False,True,Default,Default,False,False,False,Default,Default,Default,Default,Default,InProcessEmitToolchain,Default,Default,Default,Default,Default,Default,Default,Default,Default,Default,Default,16,Default,"1,514.57 ns",30.259 ns,50.557 ns,"1,516.85 ns",53.03,1.79,0.0420,0.0000,797 B,33.21
WolverineInProcessWarmPathComparisonBenchmarks,'Dispatch (local): Notification to 2 handlers',warmpath-inproc,False,Default,Default,Default,Default,Default,Default,11111111111111111111111111111111,Empty,RyuJit,Default,X64,00000000-0000-0000-0000-000000000000,.NET 10.0,False,True,False,True,Default,Default,False,False,False,Default,Default,Default,Default,Default,InProcessEmitToolchain,Default,Default,Default,Default,Default,Default,Default,Default,Default,Default,Default,16,Default,119.98 ns,0.519 ns,0.460 ns,119.92 ns,4.20,0.04,0.0050,0.0000,96 B,4.00
WolverineWarmPathComparisonBenchmarks,'Wolverine: Single command (SendAsync)',warmpath-inproc,False,Default,Default,Default,Default,Default,Default,11111111111111111111111111111111,Empty,RyuJit,Default,X64,00000000-0000-0000-0000-000000000000,.NET 10.0,False,True,False,True,Default,Default,False,False,False,Default,Default,Default,Default,Default,InProcessEmitToolchain,Default,Default,Default,Default,Default,Default,Default,Default,Default,Default,Default,16,Default,"4,219.12 ns",39.653 ns,33.112 ns,"4,222.13 ns",147.73,1.58,0.2289,0.0000,4400 B,183.33
MassTransitMediatorWarmPathComparisonBenchmarks,'Dispatch (local): Notification to 2 handlers',warmpath-inproc,False,Default,Default,Default,Default,Default,Default,11111111111111111111111111111111,Empty,RyuJit,Default,X64,00000000-0000-0000-0000-000000000000,.NET 10.0,False,True,False,True,Default,Default,False,False,False,Default,Default,Default,Default,Default,InProcessEmitToolchain,Default,Default,Default,Default,Default,Default,Default,Default,Default,Default,Default,16,Default,139.16 ns,1.097 ns,1.026 ns,139.11 ns,4.87,0.05,0.0098,0.0000,184 B,7.67
MassTransitWarmPathComparisonBenchmarks,'MassTransit: Event to 2 consumers',warmpath-inproc,False,Default,Default,Default,Default,Default,Default,11111111111111111111111111111111,Empty,RyuJit,Default,X64,00000000-0000-0000-0000-000000000000,.NET 10.0,False,True,False,True,Default,Default,False,False,False,Default,Default,Default,Default,Default,InProcessEmitToolchain,Default,Default,Default,Default,Default,Default,Default,Default,Default,Default,Default,16,Default,"28,322.72 ns","1,783.157 ns","5,229.692 ns","27,838.45 ns",991.69,182.40,2.0752,0.1221,39148 B,"1,631.17"
MediatRWarmPathComparisonBenchmarks,'Dispatch: Notification to 3 handlers',warmpath-inproc,False,Default,Default,Default,Default,Default,Default,11111111111111111111111111111111,Empty,RyuJit,Default,X64,00000000-0000-0000-0000-000000000000,.NET 10.0,False,True,False,True,Default,Default,False,False,False,Default,Default,Default,Default,Default,InProcessEmitToolchain,Default,Default,Default,Default,Default,Default,Default,Default,Default,Default,Default,16,Default,140.83 ns,1.940 ns,1.720 ns,139.92 ns,4.93,0.07,0.0050,0.0000,96 B,4.00
PipelineWarmPathComparisonBenchmarks,'Dispatch: 10 concurrent + 3 behaviors',warmpath-inproc,False,Default,Default,Default,Default,Default,Default,11111111111111111111111111111111,Empty,RyuJit,Default,X64,00000000-0000-0000-0000-000000000000,.NET 10.0,False,True,False,True,Default,Default,False,False,False,Default,Default,Default,Default,Default,InProcessEmitToolchain,Default,Default,Default,Default,Default,Default,Default,Default,Default,Default,Default,16,Default,678.48 ns,5.207 ns,4.348 ns,677.47 ns,23.76,0.23,0.0734,0.0000,1392 B,58.00
RoutingFirstParityWarmPathBenchmarks,'Dispatch: pre-routed remote event (AWS SNS)',warmpath-inproc,False,Default,Default,Default,Default,Default,Default,11111111111111111111111111111111,Empty,RyuJit,Default,X64,00000000-0000-0000-0000-000000000000,.NET 10.0,False,True,False,True,Default,Default,False,False,False,Default,Default,Default,Default,Default,InProcessEmitToolchain,Default,Default,Default,Default,Default,Default,Default,Default,Default,Default,Default,16,Default,181.92 ns,1.139 ns,0.889 ns,181.76 ns,6.37,0.06,0.0160,0.0000,304 B,12.67
TransportQueueParityWarmPathComparisonBenchmarks,'Wolverine: queued event fan-out end-to-end (PublishAsync)',warmpath-inproc,False,Default,Default,Default,Default,Default,Default,11111111111111111111111111111111,Empty,RyuJit,Default,X64,00000000-0000-0000-0000-000000000000,.NET 10.0,False,True,False,True,Default,Default,False,False,False,Default,Default,Default,Default,Default,InProcessEmitToolchain,Default,Default,Default,Default,Default,Default,Default,Default,Default,Default,Default,16,Default,"4,287.86 ns",30.098 ns,23.499 ns,"4,296.87 ns",150.14,1.38,0.2289,0.0000,4400 B,183.33
WolverineInProcessWarmPathComparisonBenchmarks,'Wolverine (in-process): Notification to 2 handlers (inline)',warmpath-inproc,False,Default,Default,Default,Default,Default,Default,11111111111111111111111111111111,Empty,RyuJit,Default,X64,00000000-0000-0000-0000-000000000000,.NET 10.0,False,True,False,True,Default,Default,False,False,False,Default,Default,Default,Default,Default,InProcessEmitToolchain,Default,Default,Default,Default,Default,Default,Default,Default,Default,Default,Default,16,Default,202.60 ns,4.050 ns,4.502 ns,202.70 ns,7.09,0.16,0.0317,0.0000,600 B,25.00
WolverineWarmPathComparisonBenchmarks,'Dispatch: Event to 2 handlers',warmpath-inproc,False,Default,Default,Default,Default,Default,Default,11111111111111111111111111111111,Empty,RyuJit,Default,X64,00000000-0000-0000-0000-000000000000,.NET 10.0,False,True,False,True,Default,Default,False,False,False,Default,Default,Default,Default,Default,InProcessEmitToolchain,Default,Default,Default,Default,Default,Default,Default,Default,Default,Default,Default,16,Default,120.02 ns,0.877 ns,0.732 ns,119.78 ns,4.20,0.04,0.0050,0.0000,96 B,4.00
MassTransitMediatorWarmPathComparisonBenchmarks,'MassTransit Mediator (in-process): Notification to 2 consumers',warmpath-inproc,False,Default,Default,Default,Default,Default,Default,11111111111111111111111111111111,Empty,RyuJit,Default,X64,00000000-0000-0000-0000-000000000000,.NET 10.0,False,True,False,True,Default,Default,False,False,False,Default,Default,Default,Default,Default,InProcessEmitToolchain,Default,Default,Default,Default,Default,Default,Default,Default,Default,Default,Default,16,Default,"1,741.13 ns",14.041 ns,12.447 ns,"1,737.15 ns",60.96,0.62,0.2213,0.0000,4176 B,174.00
MassTransitWarmPathComparisonBenchmarks,'Dispatch: 10 concurrent commands',warmpath-inproc,False,Default,Default,Default,Default,Default,Default,11111111111111111111111111111111,Empty,RyuJit,Default,X64,00000000-0000-0000-0000-000000000000,.NET 10.0,False,True,False,True,Default,Default,False,False,False,Default,Default,Default,Default,Default,InProcessEmitToolchain,Default,Default,Default,Default,Default,Default,Default,Default,Default,Default,Default,16,Default,455.07 ns,4.067 ns,3.804 ns,454.68 ns,15.93,0.18,0.0339,0.0000,640 B,26.67
MediatRWarmPathComparisonBenchmarks,'MediatR: Notification to 3 handlers',warmpath-inproc,False,Default,Default,Default,Default,Default,Default,11111111111111111111111111111111,Empty,RyuJit,Default,X64,00000000-0000-0000-0000-000000000000,.NET 10.0,False,True,False,True,Default,Default,False,False,False,Default,Default,Default,Default,Default,InProcessEmitToolchain,Default,Default,Default,Default,Default,Default,Default,Default,Default,Default,Default,16,Default,97.58 ns,1.954 ns,4.121 ns,96.80 ns,3.42,0.15,0.0327,0.0000,616 B,25.67
PipelineWarmPathComparisonBenchmarks,'MediatR: 10 concurrent + 3 behaviors',warmpath-inproc,False,Default,Default,Default,Default,Default,Default,11111111111111111111111111111111,Empty,RyuJit,Default,X64,00000000-0000-0000-0000-000000000000,.NET 10.0,False,True,False,True,Default,Default,False,False,False,Default,Default,Default,Default,Default,InProcessEmitToolchain,Default,Default,Default,Default,Default,Default,Default,Default,Default,Default,Default,16,Default,"1,724.62 ns",33.247 ns,46.608 ns,"1,718.32 ns",60.39,1.67,0.4139,0.0000,7808 B,325.33
RoutingFirstParityWarmPathBenchmarks,'Dispatch: pre-routed remote event (AWS EventBridge)',warmpath-inproc,False,Default,Default,Default,Default,Default,Default,11111111111111111111111111111111,Empty,RyuJit,Default,X64,00000000-0000-0000-0000-000000000000,.NET 10.0,False,True,False,True,Default,Default,False,False,False,Default,Default,Default,Default,Default,InProcessEmitToolchain,Default,Default,Default,Default,Default,Default,Default,Default,Default,Default,Default,16,Default,186.56 ns,3.060 ns,2.862 ns,185.91 ns,6.53,0.11,0.0160,0.0000,304 B,12.67
TransportQueueParityWarmPathComparisonBenchmarks,'MassTransit: queued event fan-out end-to-end (Publish)',warmpath-inproc,False,Default,Default,Default,Default,Default,Default,11111111111111111111111111111111,Empty,RyuJit,Default,X64,00000000-0000-0000-0000-000000000000,.NET 10.0,False,True,False,True,Default,Default,False,False,False,Default,Default,Default,Default,Default,InProcessEmitToolchain,Default,Default,Default,Default,Default,Default,Default,Default,Default,Default,Default,16,Default,"30,271.78 ns","1,698.124 ns","4,980.304 ns","30,554.52 ns","1,059.94",173.74,2.0752,0.1221,39141 B,"1,630.88"
WolverineInProcessWarmPathComparisonBenchmarks,'Dispatch (local): Query with return',warmpath-inproc,False,Default,Default,Default,Default,Default,Default,11111111111111111111111111111111,Empty,RyuJit,Default,X64,00000000-0000-0000-0000-000000000000,.NET 10.0,False,True,False,True,Default,Default,False,False,False,Default,Default,Default,Default,Default,InProcessEmitToolchain,Default,Default,Default,Default,Default,Default,Default,Default,Default,Default,Default,16,Default,44.98 ns,0.904 ns,1.653 ns,44.68 ns,1.58,0.06,0.0114,0.0000,216 B,9.00
WolverineWarmPathComparisonBenchmarks,'Wolverine: Event to 2 handlers (inline)',warmpath-inproc,False,Default,Default,Default,Default,Default,Default,11111111111111111111111111111111,Empty,RyuJit,Default,X64,00000000-0000-0000-0000-000000000000,.NET 10.0,False,True,False,True,Default,Default,False,False,False,Default,Default,Default,Default,Default,InProcessEmitToolchain,Default,Default,Default,Default,Default,Default,Default,Default,Default,Default,Default,16,Default,204.43 ns,3.801 ns,3.733 ns,204.67 ns,7.16,0.14,0.0317,0.0000,600 B,25.00
MassTransitMediatorWarmPathComparisonBenchmarks,'Dispatch (local): Query with return',warmpath-inproc,False,Default,Default,Default,Default,Default,Default,11111111111111111111111111111111,Empty,RyuJit,Default,X64,00000000-0000-0000-0000-000000000000,.NET 10.0,False,True,False,True,Default,Default,False,False,False,Default,Default,Default,Default,Default,InProcessEmitToolchain,Default,Default,Default,Default,Default,Default,Default,Default,Default,Default,Default,16,Default,41.57 ns,0.865 ns,1.687 ns,41.28 ns,1.46,0.06,0.0114,0.0000,216 B,9.00
MassTransitWarmPathComparisonBenchmarks,'MassTransit: 10 concurrent commands',warmpath-inproc,False,Default,Default,Default,Default,Default,Default,11111111111111111111111111111111,Empty,RyuJit,Default,X64,00000000-0000-0000-0000-000000000000,.NET 10.0,False,True,False,True,Default,Default,False,False,False,Default,Default,Default,Default,Default,InProcessEmitToolchain,Default,Default,Default,Default,Default,Default,Default,Default,Default,Default,Default,16,Default,"159,125.86 ns","4,815.719 ns","14,123.672 ns","157,483.08 ns","5,571.64",493.97,11.4746,0.7324,217814 B,"9,075.58"
MediatRWarmPathComparisonBenchmarks,'Dispatch: Query with return value',warmpath-inproc,False,Default,Default,Default,Default,Default,Default,11111111111111111111111111111111,Empty,RyuJit,Default,X64,00000000-0000-0000-0000-000000000000,.NET 10.0,False,True,False,True,Default,Default,False,False,False,Default,Default,Default,Default,Default,InProcessEmitToolchain,Default,Default,Default,Default,Default,Default,Default,Default,Default,Default,Default,16,Default,42.98 ns,0.617 ns,0.577 ns,43.11 ns,1.50,0.02,0.0063,0.0000,120 B,5.00
PipelineWarmPathComparisonBenchmarks,'Wolverine: 10 concurrent + 3 middleware',warmpath-inproc,False,Default,Default,Default,Default,Default,Default,11111111111111111111111111111111,Empty,RyuJit,Default,X64,00000000-0000-0000-0000-000000000000,.NET 10.0,False,True,False,True,Default,Default,False,False,False,Default,Default,Default,Default,Default,InProcessEmitToolchain,Default,Default,Default,Default,Default,Default,Default,Default,Default,Default,Default,16,Default,"2,423.21 ns",41.834 ns,39.131 ns,"2,424.35 ns",84.85,1.47,0.3700,0.0000,7008 B,292.00
RoutingFirstParityWarmPathBenchmarks,'Dispatch: pre-routed remote event (Azure Event Hubs)',warmpath-inproc,False,Default,Default,Default,Default,Default,Default,11111111111111111111111111111111,Empty,RyuJit,Default,X64,00000000-0000-0000-0000-000000000000,.NET 10.0,False,True,False,True,Default,Default,False,False,False,Default,Default,Default,Default,Default,InProcessEmitToolchain,Default,Default,Default,Default,Default,Default,Default,Default,Default,Default,Default,16,Default,186.88 ns,1.572 ns,1.471 ns,186.66 ns,6.54,0.07,0.0160,0.0000,304 B,12.67
TransportQueueParityWarmPathComparisonBenchmarks,'Dispatch (remote): queued commands end-to-end (10 concurrent)',warmpath-inproc,False,Default,Default,Default,Default,Default,Default,11111111111111111111111111111111,Empty,RyuJit,Default,X64,00000000-0000-0000-0000-000000000000,.NET 10.0,False,True,False,True,Default,Default,False,False,False,Default,Default,Default,Default,Default,InProcessEmitToolchain,Default,Default,Default,Default,Default,Default,Default,Default,Default,Default,Default,16,Default,"8,064.07 ns",149.915 ns,274.127 ns,"8,053.09 ns",282.36,9.72,0.2594,0.0000,5117 B,213.21
WolverineInProcessWarmPathComparisonBenchmarks,'Wolverine (in-process): Query with return InvokeAsync',warmpath-inproc,False,Default,Default,Default,Default,Default,Default,11111111111111111111111111111111,Empty,RyuJit,Default,X64,00000000-0000-0000-0000-000000000000,.NET 10.0,False,True,False,True,Default,Default,False,False,False,Default,Default,Default,Default,Default,InProcessEmitToolchain,Default,Default,Default,Default,Default,Default,Default,Default,Default,Default,Default,16,Default,252.55 ns,4.819 ns,4.508 ns,252.67 ns,8.84,0.17,0.0410,0.0000,776 B,32.33
WolverineWarmPathComparisonBenchmarks,'Dispatch: 10 concurrent commands',warmpath-inproc,False,Default,Default,Default,Default,Default,Default,11111111111111111111111111111111,Empty,RyuJit,Default,X64,00000000-0000-0000-0000-000000000000,.NET 10.0,False,True,False,True,Default,Default,False,False,False,Default,Default,Default,Default,Default,InProcessEmitToolchain,Default,Default,Default,Default,Default,Default,Default,Default,Default,Default,Default,16,Default,428.07 ns,2.920 ns,2.439 ns,427.66 ns,14.99,0.14,0.0339,0.0000,640 B,26.67
MassTransitMediatorWarmPathComparisonBenchmarks,'MassTransit Mediator (in-process): Query with return',warmpath-inproc,False,Default,Default,Default,Default,Default,Default,11111111111111111111111111111111,Empty,RyuJit,Default,X64,00000000-0000-0000-0000-000000000000,.NET 10.0,False,True,False,True,Default,Default,False,False,False,Default,Default,Default,Default,Default,InProcessEmitToolchain,Default,Default,Default,Default,Default,Default,Default,Default,Default,Default,Default,16,Default,"12,376.96 ns",425.159 ns,"1,178.114 ns","12,408.01 ns",433.37,41.16,0.6104,0.0153,11637 B,484.88
MassTransitWarmPathComparisonBenchmarks,'Dispatch: 100 concurrent commands',warmpath-inproc,False,Default,Default,Default,Default,Default,Default,11111111111111111111111111111111,Empty,RyuJit,Default,X64,00000000-0000-0000-0000-000000000000,.NET 10.0,False,True,False,True,Default,Default,False,False,False,Default,Default,Default,Default,Default,InProcessEmitToolchain,Default,Default,Default,Default,Default,Default,Default,Default,Default,Default,Default,16,Default,"4,191.14 ns",29.350 ns,26.018 ns,"4,184.27 ns",146.75,1.41,0.2594,0.0000,4960 B,206.67
MediatRWarmPathComparisonBenchmarks,'Dispatch: Query strict direct-local',warmpath-inproc,False,Default,Default,Default,Default,Default,Default,11111111111111111111111111111111,Empty,RyuJit,Default,X64,00000000-0000-0000-0000-000000000000,.NET 10.0,False,True,False,True,Default,Default,False,False,False,Default,Default,Default,Default,Default,InProcessEmitToolchain,Default,Default,Default,Default,Default,Default,Default,Default,Default,Default,Default,16,Default,42.16 ns,0.889 ns,0.873 ns,42.36 ns,1.48,0.03,0.0063,0.0000,120 B,5.00
PipelineWarmPathComparisonBenchmarks,'MassTransit: 10 concurrent + 3 filters',warmpath-inproc,False,Default,Default,Default,Default,Default,Default,11111111111111111111111111111111,Empty,RyuJit,Default,X64,00000000-0000-0000-0000-000000000000,.NET 10.0,False,True,False,True,Default,Default,False,False,False,Default,Default,Default,Default,Default,InProcessEmitToolchain,Default,Default,Default,Default,Default,Default,Default,Default,Default,Default,Default,16,Default,"22,201.40 ns",423.171 ns,695.283 ns,"22,349.30 ns",777.36,24.72,2.4109,0.0000,45888 B,"1,912.00"
RoutingFirstParityWarmPathBenchmarks,'Dispatch: pre-routed remote event (gRPC)',warmpath-inproc,False,Default,Default,Default,Default,Default,Default,11111111111111111111111111111111,Empty,RyuJit,Default,X64,00000000-0000-0000-0000-000000000000,.NET 10.0,False,True,False,True,Default,Default,False,False,False,Default,Default,Default,Default,Default,InProcessEmitToolchain,Default,Default,Default,Default,Default,Default,Default,Default,Default,Default,Default,16,Default,183.03 ns,1.319 ns,1.170 ns,182.95 ns,6.41,0.06,0.0160,0.0000,304 B,12.67
TransportQueueParityWarmPathComparisonBenchmarks,'Wolverine: queued commands end-to-end (10 concurrent)',warmpath-inproc,False,Default,Default,Default,Default,Default,Default,11111111111111111111111111111111,Empty,RyuJit,Default,X64,00000000-0000-0000-0000-000000000000,.NET 10.0,False,True,False,True,Default,Default,False,False,False,Default,Default,Default,Default,Default,InProcessEmitToolchain,Default,Default,Default,Default,Default,Default,Default,Default,Default,Default,Default,16,Default,"42,940.11 ns",343.131 ns,304.176 ns,"42,832.94 ns","1,503.51",15.28,2.3193,0.0000,44489 B,"1,853.71"
WolverineInProcessWarmPathComparisonBenchmarks,'Dispatch (local): 10 concurrent commands',warmpath-inproc,False,Default,Default,Default,Default,Default,Default,11111111111111111111111111111111,Empty,RyuJit,Default,X64,00000000-0000-0000-0000-000000000000,.NET 10.0,False,True,False,True,Default,Default,False,False,False,Default,Default,Default,Default,Default,InProcessEmitToolchain,Default,Default,Default,Default,Default,Default,Default,Default,Default,Default,Default,16,Default,463.45 ns,5.325 ns,4.446 ns,462.23 ns,16.23,0.19,0.0334,0.0000,640 B,26.67
WolverineWarmPathComparisonBenchmarks,'Wolverine: 10 concurrent commands',warmpath-inproc,False,Default,Default,Default,Default,Default,Default,11111111111111111111111111111111,Empty,RyuJit,Default,X64,00000000-0000-0000-0000-000000000000,.NET 10.0,False,True,False,True,Default,Default,False,False,False,Default,Default,Default,Default,Default,InProcessEmitToolchain,Default,Default,Default,Default,Default,Default,Default,Default,Default,Default,Default,16,Default,"2,018.31 ns",30.932 ns,27.420 ns,"2,008.64 ns",70.67,1.07,0.3281,0.0000,6208 B,258.67
MassTransitMediatorWarmPathComparisonBenchmarks,'Dispatch (local): 10 concurrent commands',warmpath-inproc,False,Default,Default,Default,Default,Default,Default,11111111111111111111111111111111,Empty,RyuJit,Default,X64,00000000-0000-0000-0000-000000000000,.NET 10.0,False,True,False,True,Default,Default,False,False,False,Default,Default,Default,Default,Default,InProcessEmitToolchain,Default,Default,Default,Default,Default,Default,Default,Default,Default,Default,Default,16,Default,434.47 ns,8.171 ns,6.823 ns,431.69 ns,15.21,0.26,0.0339,0.0000,640 B,26.67
MassTransitWarmPathComparisonBenchmarks,'MassTransit: 100 concurrent commands',warmpath-inproc,False,Default,Default,Default,Default,Default,Default,11111111111111111111111111111111,Empty,RyuJit,Default,X64,00000000-0000-0000-0000-000000000000,.NET 10.0,False,True,False,True,Default,Default,False,False,False,Default,Default,Default,Default,Default,InProcessEmitToolchain,Default,Default,Default,Default,Default,Default,Default,Default,Default,Default,Default,16,Default,"1,316,862.15 ns","38,932.042 ns","111,703.334 ns","1,283,909.28 ns","46,108.69","3,907.37",115.2344,29.2969,2173049 B,"90,543.71"
MediatRWarmPathComparisonBenchmarks,'Dispatch: Query with return value (typed API)',warmpath-inproc,False,Default,Default,Default,Default,Default,Default,11111111111111111111111111111111,Empty,RyuJit,Default,X64,00000000-0000-0000-0000-000000000000,.NET 10.0,False,True,False,True,Default,Default,False,False,False,Default,Default,Default,Default,Default,InProcessEmitToolchain,Default,Default,Default,Default,Default,Default,Default,Default,Default,Default,Default,16,Default,43.28 ns,0.911 ns,1.277 ns,43.16 ns,1.52,0.05,0.0114,0.0000,216 B,9.00
RoutingFirstParityWarmPathBenchmarks,'Dispatch: pre-routed remote event (AWS SQS) throughput profile',warmpath-inproc,False,Default,Default,Default,Default,Default,Default,11111111111111111111111111111111,Empty,RyuJit,Default,X64,00000000-0000-0000-0000-000000000000,.NET 10.0,False,True,False,True,Default,Default,False,False,False,Default,Default,Default,Default,Default,InProcessEmitToolchain,Default,Default,Default,Default,Default,Default,Default,Default,Default,Default,Default,16,Default,244.15 ns,3.067 ns,2.719 ns,243.77 ns,8.55,0.11,0.0186,0.0000,352 B,14.67
TransportQueueParityWarmPathComparisonBenchmarks,'MassTransit: queued commands end-to-end (10 concurrent)',warmpath-inproc,False,Default,Default,Default,Default,Default,Default,11111111111111111111111111111111,Empty,RyuJit,Default,X64,00000000-0000-0000-0000-000000000000,.NET 10.0,False,True,False,True,Default,Default,False,False,False,Default,Default,Default,Default,Default,InProcessEmitToolchain,Default,Default,Default,Default,Default,Default,Default,Default,Default,Default,Default,16,Default,"161,137.23 ns","5,292.967 ns","15,439.835 ns","160,351.31 ns","5,642.07",539.71,11.4746,0.7324,217824 B,"9,076.00"
WolverineInProcessWarmPathComparisonBenchmarks,'Wolverine (in-process): 10 concurrent commands',warmpath-inproc,False,Default,Default,Default,Default,Default,Default,11111111111111111111111111111111,Empty,RyuJit,Default,X64,00000000-0000-0000-0000-000000000000,.NET 10.0,False,True,False,True,Default,Default,False,False,False,Default,Default,Default,Default,Default,InProcessEmitToolchain,Default,Default,Default,Default,Default,Default,Default,Default,Default,Default,Default,16,Default,"2,014.16 ns",30.824 ns,28.833 ns,"2,008.10 ns",70.52,1.11,0.3204,0.0000,6048 B,252.00
WolverineWarmPathComparisonBenchmarks,'Dispatch: Query with return value',warmpath-inproc,False,Default,Default,Default,Default,Default,Default,11111111111111111111111111111111,Empty,RyuJit,Default,X64,00000000-0000-0000-0000-000000000000,.NET 10.0,False,True,False,True,Default,Default,False,False,False,Default,Default,Default,Default,Default,InProcessEmitToolchain,Default,Default,Default,Default,Default,Default,Default,Default,Default,Default,Default,16,Default,48.04 ns,0.986 ns,1.414 ns,47.45 ns,1.68,0.05,0.0114,0.0000,216 B,9.00
MassTransitMediatorWarmPathComparisonBenchmarks,'MassTransit Mediator (in-process): 10 concurrent commands',warmpath-inproc,False,Default,Default,Default,Default,Default,Default,11111111111111111111111111111111,Empty,RyuJit,Default,X64,00000000-0000-0000-0000-000000000000,.NET 10.0,False,True,False,True,Default,Default,False,False,False,Default,Default,Default,Default,Default,InProcessEmitToolchain,Default,Default,Default,Default,Default,Default,Default,Default,Default,Default,Default,16,Default,"12,303.15 ns",244.067 ns,464.362 ns,"12,395.69 ns",430.78,16.41,1.8921,0.0000,35648 B,"1,485.33"
MassTransitWarmPathComparisonBenchmarks,'Dispatch: Batch send (10)',warmpath-inproc,False,Default,Default,Default,Default,Default,Default,11111111111111111111111111111111,Empty,RyuJit,Default,X64,00000000-0000-0000-0000-000000000000,.NET 10.0,False,True,False,True,Default,Default,False,False,False,Default,Default,Default,Default,Default,InProcessEmitToolchain,Default,Default,Default,Default,Default,Default,Default,Default,Default,Default,Default,16,Default,291.42 ns,5.239 ns,4.375 ns,290.12 ns,10.20,0.17,0.0124,0.0000,240 B,10.00
MediatRWarmPathComparisonBenchmarks,'Dispatch: Query ultra-local API',warmpath-inproc,False,Default,Default,Default,Default,Default,Default,11111111111111111111111111111111,Empty,RyuJit,Default,X64,00000000-0000-0000-0000-000000000000,.NET 10.0,False,True,False,True,Default,Default,False,False,False,Default,Default,Default,Default,Default,InProcessEmitToolchain,Default,Default,Default,Default,Default,Default,Default,Default,Default,Default,Default,16,Default,45.05 ns,0.668 ns,0.558 ns,44.98 ns,1.58,0.02,0.0063,0.0000,120 B,5.00
RoutingFirstParityWarmPathBenchmarks,'Dispatch: pre-routed remote event (AWS SQS) retry profile',warmpath-inproc,False,Default,Default,Default,Default,Default,Default,11111111111111111111111111111111,Empty,RyuJit,Default,X64,00000000-0000-0000-0000-000000000000,.NET 10.0,False,True,False,True,Default,Default,False,False,False,Default,Default,Default,Default,Default,InProcessEmitToolchain,Default,Default,Default,Default,Default,Default,Default,Default,Default,Default,Default,16,Default,240.17 ns,2.987 ns,2.648 ns,239.22 ns,8.41,0.11,0.0196,0.0000,376 B,15.67
WolverineInProcessWarmPathComparisonBenchmarks,'Dispatch (local): 100 concurrent commands',warmpath-inproc,False,Default,Default,Default,Default,Default,Default,11111111111111111111111111111111,Empty,RyuJit,Default,X64,00000000-0000-0000-0000-000000000000,.NET 10.0,False,True,False,True,Default,Default,False,False,False,Default,Default,Default,Default,Default,InProcessEmitToolchain,Default,Default,Default,Default,Default,Default,Default,Default,Default,Default,Default,16,Default,"4,416.89 ns",23.554 ns,19.669 ns,"4,413.41 ns",154.65,1.34,0.2594,0.0000,4960 B,206.67
WolverineWarmPathComparisonBenchmarks,'Wolverine: Query with return value',warmpath-inproc,False,Default,Default,Default,Default,Default,Default,11111111111111111111111111111111,Empty,RyuJit,Default,X64,00000000-0000-0000-0000-000000000000,.NET 10.0,False,True,False,True,Default,Default,False,False,False,Default,Default,Default,Default,Default,InProcessEmitToolchain,Default,Default,Default,Default,Default,Default,Default,Default,Default,Default,Default,16,Default,254.22 ns,4.864 ns,4.550 ns,254.31 ns,8.90,0.17,0.0410,0.0000,776 B,32.33
MassTransitMediatorWarmPathComparisonBenchmarks,'Dispatch (local): 100 concurrent commands',warmpath-inproc,False,Default,Default,Default,Default,Default,Default,11111111111111111111111111111111,Empty,RyuJit,Default,X64,00000000-0000-0000-0000-000000000000,.NET 10.0,False,True,False,True,Default,Default,False,False,False,Default,Default,Default,Default,Default,InProcessEmitToolchain,Default,Default,Default,Default,Default,Default,Default,Default,Default,Default,Default,16,Default,"4,044.38 ns",75.719 ns,122.272 ns,"3,997.84 ns",141.61,4.35,0.2594,0.0000,4960 B,206.67
MassTransitWarmPathComparisonBenchmarks,'MassTransit: Batch send (10)',warmpath-inproc,False,Default,Default,Default,Default,Default,Default,11111111111111111111111111111111,Empty,RyuJit,Default,X64,00000000-0000-0000-0000-000000000000,.NET 10.0,False,True,False,True,Default,Default,False,False,False,Default,Default,Default,Default,Default,InProcessEmitToolchain,Default,Default,Default,Default,Default,Default,Default,Default,Default,Default,Default,16,Default,"161,792.65 ns","5,097.598 ns","14,707.738 ns","159,297.73 ns","5,665.02",514.24,11.4746,0.7324,218034 B,"9,084.75"
MediatRWarmPathComparisonBenchmarks,'MediatR: Query with return value',warmpath-inproc,False,Default,Default,Default,Default,Default,Default,11111111111111111111111111111111,Empty,RyuJit,Default,X64,00000000-0000-0000-0000-000000000000,.NET 10.0,False,True,False,True,Default,Default,False,False,False,Default,Default,Default,Default,Default,InProcessEmitToolchain,Default,Default,Default,Default,Default,Default,Default,Default,Default,Default,Default,16,Default,39.34 ns,0.805 ns,2.149 ns,39.27 ns,1.38,0.08,0.0119,0.0000,224 B,9.33
RoutingFirstParityWarmPathBenchmarks,'Dispatch: pre-routed remote event (AWS SQS) poison profile',warmpath-inproc,False,Default,Default,Default,Default,Default,Default,11111111111111111111111111111111,Empty,RyuJit,Default,X64,00000000-0000-0000-0000-000000000000,.NET 10.0,False,True,False,True,Default,Default,False,False,False,Default,Default,Default,Default,Default,InProcessEmitToolchain,Default,Default,Default,Default,Default,Default,Default,Default,Default,Default,Default,16,Default,224.95 ns,2.445 ns,2.167 ns,224.30 ns,7.88,0.09,0.0174,0.0000,328 B,13.67
WolverineInProcessWarmPathComparisonBenchmarks,'Wolverine (in-process): 100 concurrent commands',warmpath-inproc,False,Default,Default,Default,Default,Default,Default,11111111111111111111111111111111,Empty,RyuJit,Default,X64,00000000-0000-0000-0000-000000000000,.NET 10.0,False,True,False,True,Default,Default,False,False,False,Default,Default,Default,Default,Default,InProcessEmitToolchain,Default,Default,Default,Default,Default,Default,Default,Default,Default,Default,Default,16,Default,"20,048.46 ns",318.207 ns,297.651 ns,"19,866.17 ns",701.98,11.39,3.1433,0.0000,59328 B,"2,472.00"
WolverineWarmPathComparisonBenchmarks,'Dispatch: 100 concurrent commands',warmpath-inproc,False,Default,Default,Default,Default,Default,Default,11111111111111111111111111111111,Empty,RyuJit,Default,X64,00000000-0000-0000-0000-000000000000,.NET 10.0,False,True,False,True,Default,Default,False,False,False,Default,Default,Default,Default,Default,InProcessEmitToolchain,Default,Default,Default,Default,Default,Default,Default,Default,Default,Default,Default,16,Default,"4,011.75 ns",28.095 ns,24.905 ns,"4,009.20 ns",140.47,1.35,0.2594,0.0000,4960 B,206.67
MassTransitMediatorWarmPathComparisonBenchmarks,'MassTransit Mediator (in-process): 100 concurrent commands',warmpath-inproc,False,Default,Default,Default,Default,Default,Default,11111111111111111111111111111111,Empty,RyuJit,Default,X64,00000000-0000-0000-0000-000000000000,.NET 10.0,False,True,False,True,Default,Default,False,False,False,Default,Default,Default,Default,Default,InProcessEmitToolchain,Default,Default,Default,Default,Default,Default,Default,Default,Default,Default,Default,16,Default,"122,795.74 ns","2,441.426 ns","4,211.340 ns","123,600.28 ns","4,299.58",149.17,18.7988,0.0000,355329 B,"14,805.38"
MediatRWarmPathComparisonBenchmarks,'Dispatch: Ultra-local singleton-promoted',warmpath-inproc,False,Default,Default,Default,Default,Default,Default,11111111111111111111111111111111,Empty,RyuJit,Default,X64,00000000-0000-0000-0000-000000000000,.NET 10.0,False,True,False,True,Default,Default,False,False,False,Default,Default,Default,Default,Default,InProcessEmitToolchain,Default,Default,Default,Default,Default,Default,Default,Default,Default,Default,Default,16,Default,33.16 ns,0.304 ns,0.285 ns,33.04 ns,1.16,0.01,0.0013,0.0000,24 B,1.00
RoutingFirstParityWarmPathBenchmarks,'Dispatch: pre-routed remote event (AWS SQS) observability profile',warmpath-inproc,False,Default,Default,Default,Default,Default,Default,11111111111111111111111111111111,Empty,RyuJit,Default,X64,00000000-0000-0000-0000-000000000000,.NET 10.0,False,True,False,True,Default,Default,False,False,False,Default,Default,Default,Default,Default,InProcessEmitToolchain,Default,Default,Default,Default,Default,Default,Default,Default,Default,Default,Default,16,Default,315.38 ns,1.288 ns,1.142 ns,315.18 ns,11.04,0.09,0.0196,0.0000,376 B,15.67
WolverineWarmPathComparisonBenchmarks,'Wolverine: 100 concurrent commands',warmpath-inproc,False,Default,Default,Default,Default,Default,Default,11111111111111111111111111111111,Empty,RyuJit,Default,X64,00000000-0000-0000-0000-000000000000,.NET 10.0,False,True,False,True,Default,Default,False,False,False,Default,Default,Default,Default,Default,InProcessEmitToolchain,Default,Default,Default,Default,Default,Default,Default,Default,Default,Default,Default,16,Default,"20,144.70 ns",400.221 ns,460.895 ns,"20,175.26 ns",705.35,16.62,3.2349,0.0000,60928 B,"2,538.67"
MediatRWarmPathComparisonBenchmarks,'Dispatch: Query singleton-promoted',warmpath-inproc,False,Default,Default,Default,Default,Default,Default,11111111111111111111111111111111,Empty,RyuJit,Default,X64,00000000-0000-0000-0000-000000000000,.NET 10.0,False,True,False,True,Default,Default,False,False,False,Default,Default,Default,Default,Default,InProcessEmitToolchain,Default,Default,Default,Default,Default,Default,Default,Default,Default,Default,Default,16,Default,44.82 ns,0.636 ns,0.595 ns,44.74 ns,1.57,0.02,0.0063,0.0000,120 B,5.00
RoutingFirstParityWarmPathBenchmarks,'Dispatch: pre-routed remote event (Azure Service Bus) throughput profile',warmpath-inproc,False,Default,Default,Default,Default,Default,Default,11111111111111111111111111111111,Empty,RyuJit,Default,X64,00000000-0000-0000-0000-000000000000,.NET 10.0,False,True,False,True,Default,Default,False,False,False,Default,Default,Default,Default,Default,InProcessEmitToolchain,Default,Default,Default,Default,Default,Default,Default,Default,Default,Default,Default,16,Default,255.58 ns,3.458 ns,3.234 ns,254.61 ns,8.95,0.13,0.0186,0.0000,352 B,14.67
WolverineWarmPathComparisonBenchmarks,'Dispatch: Batch queries (10)',warmpath-inproc,False,Default,Default,Default,Default,Default,Default,11111111111111111111111111111111,Empty,RyuJit,Default,X64,00000000-0000-0000-0000-000000000000,.NET 10.0,False,True,False,True,Default,Default,False,False,False,Default,Default,Default,Default,Default,InProcessEmitToolchain,Default,Default,Default,Default,Default,Default,Default,Default,Default,Default,Default,16,Default,578.41 ns,11.330 ns,13.915 ns,574.76 ns,20.25,0.50,0.1163,0.0000,2200 B,91.67
MediatRWarmPathComparisonBenchmarks,'Dispatch: 10 concurrent commands',warmpath-inproc,False,Default,Default,Default,Default,Default,Default,11111111111111111111111111111111,Empty,RyuJit,Default,X64,00000000-0000-0000-0000-000000000000,.NET 10.0,False,True,False,True,Default,Default,False,False,False,Default,Default,Default,Default,Default,InProcessEmitToolchain,Default,Default,Default,Default,Default,Default,Default,Default,Default,Default,Default,16,Default,491.68 ns,4.553 ns,3.802 ns,491.04 ns,17.22,0.18,0.0334,0.0000,640 B,26.67
RoutingFirstParityWarmPathBenchmarks,'Dispatch: pre-routed remote event (Azure Service Bus) retry profile',warmpath-inproc,False,Default,Default,Default,Default,Default,Default,11111111111111111111111111111111,Empty,RyuJit,Default,X64,00000000-0000-0000-0000-000000000000,.NET 10.0,False,True,False,True,Default,Default,False,False,False,Default,Default,Default,Default,Default,InProcessEmitToolchain,Default,Default,Default,Default,Default,Default,Default,Default,Default,Default,Default,16,Default,242.18 ns,1.202 ns,0.938 ns,242.27 ns,8.48,0.07,0.0196,0.0000,376 B,15.67
WolverineWarmPathComparisonBenchmarks,'Wolverine: Batch queries (10)',warmpath-inproc,False,Default,Default,Default,Default,Default,Default,11111111111111111111111111111111,Empty,RyuJit,Default,X64,00000000-0000-0000-0000-000000000000,.NET 10.0,False,True,False,True,Default,Default,False,False,False,Default,Default,Default,Default,Default,InProcessEmitToolchain,Default,Default,Default,Default,Default,Default,Default,Default,Default,Default,Default,16,Default,"2,661.63 ns",43.478 ns,38.542 ns,"2,663.28 ns",93.19,1.48,0.3929,0.0000,7432 B,309.67
MediatRWarmPathComparisonBenchmarks,'MediatR: 10 concurrent commands',warmpath-inproc,False,Default,Default,Default,Default,Default,Default,11111111111111111111111111111111,Empty,RyuJit,Default,X64,00000000-0000-0000-0000-000000000000,.NET 10.0,False,True,False,True,Default,Default,False,False,False,Default,Default,Default,Default,Default,InProcessEmitToolchain,Default,Default,Default,Default,Default,Default,Default,Default,Default,Default,Default,16,Default,546.66 ns,9.686 ns,10.364 ns,544.82 ns,19.14,0.38,0.0982,0.0000,1856 B,77.33
RoutingFirstParityWarmPathBenchmarks,'Dispatch: pre-routed remote event (Azure Service Bus) poison profile',warmpath-inproc,False,Default,Default,Default,Default,Default,Default,11111111111111111111111111111111,Empty,RyuJit,Default,X64,00000000-0000-0000-0000-000000000000,.NET 10.0,False,True,False,True,Default,Default,False,False,False,Default,Default,Default,Default,Default,InProcessEmitToolchain,Default,Default,Default,Default,Default,Default,Default,Default,Default,Default,Default,16,Default,230.76 ns,2.686 ns,2.243 ns,229.79 ns,8.08,0.10,0.0174,0.0000,328 B,13.67
MediatRWarmPathComparisonBenchmarks,'Dispatch: 100 concurrent commands',warmpath-inproc,False,Default,Default,Default,Default,Default,Default,11111111111111111111111111111111,Empty,RyuJit,Default,X64,00000000-0000-0000-0000-000000000000,.NET 10.0,False,True,False,True,Default,Default,False,False,False,Default,Default,Default,Default,Default,InProcessEmitToolchain,Default,Default,Default,Default,Default,Default,Default,Default,Default,Default,Default,16,Default,"4,484.06 ns",67.392 ns,59.741 ns,"4,466.22 ns",157.01,2.34,0.2594,0.0000,4960 B,206.67
RoutingFirstParityWarmPathBenchmarks,'Dispatch: pre-routed remote event (Azure Service Bus) observability profile',warmpath-inproc,False,Default,Default,Default,Default,Default,Default,11111111111111111111111111111111,Empty,RyuJit,Default,X64,00000000-0000-0000-0000-000000000000,.NET 10.0,False,True,False,True,Default,Default,False,False,False,Default,Default,Default,Default,Default,InProcessEmitToolchain,Default,Default,Default,Default,Default,Default,Default,Default,Default,Default,Default,16,Default,319.02 ns,1.766 ns,1.475 ns,319.23 ns,11.17,0.10,0.0196,0.0000,376 B,15.67
MediatRWarmPathComparisonBenchmarks,'MediatR: 100 concurrent commands',warmpath-inproc,False,Default,Default,Default,Default,Default,Default,11111111111111111111111111111111,Empty,RyuJit,Default,X64,00000000-0000-0000-0000-000000000000,.NET 10.0,False,True,False,True,Default,Default,False,False,False,Default,Default,Default,Default,Default,InProcessEmitToolchain,Default,Default,Default,Default,Default,Default,Default,Default,Default,Default,Default,16,Default,"5,203.00 ns",95.372 ns,79.640 ns,"5,195.57 ns",182.18,3.02,0.9003,0.0000,17064 B,711.00
RoutingFirstParityWarmPathBenchmarks,'Dispatch: pre-routed remote event (AWS SNS) throughput profile',warmpath-inproc,False,Default,Default,Default,Default,Default,Default,11111111111111111111111111111111,Empty,RyuJit,Default,X64,00000000-0000-0000-0000-000000000000,.NET 10.0,False,True,False,True,Default,Default,False,False,False,Default,Default,Default,Default,Default,InProcessEmitToolchain,Default,Default,Default,Default,Default,Default,Default,Default,Default,Default,Default,16,Default,243.88 ns,3.014 ns,2.517 ns,243.91 ns,8.54,0.11,0.0186,0.0000,352 B,14.67
RoutingFirstParityWarmPathBenchmarks,'Dispatch: pre-routed remote event (AWS SNS) retry profile',warmpath-inproc,False,Default,Default,Default,Default,Default,Default,11111111111111111111111111111111,Empty,RyuJit,Default,X64,00000000-0000-0000-0000-000000000000,.NET 10.0,False,True,False,True,Default,Default,False,False,False,Default,Default,Default,Default,Default,InProcessEmitToolchain,Default,Default,Default,Default,Default,Default,Default,Default,Default,Default,Default,16,Default,240.59 ns,3.056 ns,2.859 ns,240.27 ns,8.42,0.12,0.0196,0.0000,376 B,15.67
RoutingFirstParityWarmPathBenchmarks,'Dispatch: pre-routed remote event (AWS SNS) poison profile',warmpath-inproc,False,Default,Default,Default,Default,Default,Default,11111111111111111111111111111111,Empty,RyuJit,Default,X64,00000000-0000-0000-0000-000000000000,.NET 10.0,False,True,False,True,Default,Default,False,False,False,Default,Default,Default,Default,Default,InProcessEmitToolchain,Default,Default,Default,Default,Default,Default,Default,Default,Default,Default,Default,16,Default,221.62 ns,1.525 ns,1.426 ns,221.81 ns,7.76,0.08,0.0174,0.0000,328 B,13.67
RoutingFirstParityWarmPathBenchmarks,'Dispatch: pre-routed remote event (AWS SNS) observability profile',warmpath-inproc,False,Default,Default,Default,Default,Default,Default,11111111111111111111111111111111,Empty,RyuJit,Default,X64,00000000-0000-0000-0000-000000000000,.NET 10.0,False,True,False,True,Default,Default,False,False,False,Default,Default,Default,Default,Default,InProcessEmitToolchain,Default,Default,Default,Default,Default,Default,Default,Default,Default,Default,Default,16,Default,320.70 ns,6.460 ns,5.727 ns,319.91 ns,11.23,0.21,0.0196,0.0000,376 B,15.67
RoutingFirstParityWarmPathBenchmarks,'Dispatch: pre-routed remote event (AWS EventBridge) throughput profile',warmpath-inproc,False,Default,Default,Default,Default,Default,Default,11111111111111111111111111111111,Empty,RyuJit,Default,X64,00000000-0000-0000-0000-000000000000,.NET 10.0,False,True,False,True,Default,Default,False,False,False,Default,Default,Default,Default,Default,InProcessEmitToolchain,Default,Default,Default,Default,Default,Default,Default,Default,Default,Default,Default,16,Default,250.62 ns,2.347 ns,2.081 ns,249.88 ns,8.78,0.10,0.0186,0.0000,352 B,14.67
RoutingFirstParityWarmPathBenchmarks,'Dispatch: pre-routed remote event (AWS EventBridge) retry profile',warmpath-inproc,False,Default,Default,Default,Default,Default,Default,11111111111111111111111111111111,Empty,RyuJit,Default,X64,00000000-0000-0000-0000-000000000000,.NET 10.0,False,True,False,True,Default,Default,False,False,False,Default,Default,Default,Default,Default,InProcessEmitToolchain,Default,Default,Default,Default,Default,Default,Default,Default,Default,Default,Default,16,Default,243.44 ns,3.657 ns,3.241 ns,244.44 ns,8.52,0.13,0.0196,0.0000,376 B,15.67
RoutingFirstParityWarmPathBenchmarks,'Dispatch: pre-routed remote event (AWS EventBridge) poison profile',warmpath-inproc,False,Default,Default,Default,Default,Default,Default,11111111111111111111111111111111,Empty,RyuJit,Default,X64,00000000-0000-0000-0000-000000000000,.NET 10.0,False,True,False,True,Default,Default,False,False,False,Default,Default,Default,Default,Default,InProcessEmitToolchain,Default,Default,Default,Default,Default,Default,Default,Default,Default,Default,Default,16,Default,226.81 ns,1.253 ns,1.111 ns,226.79 ns,7.94,0.07,0.0174,0.0000,328 B,13.67
RoutingFirstParityWarmPathBenchmarks,'Dispatch: pre-routed remote event (AWS EventBridge) observability profile',warmpath-inproc,False,Default,Default,Default,Default,Default,Default,11111111111111111111111111111111,Empty,RyuJit,Default,X64,00000000-0000-0000-0000-000000000000,.NET 10.0,False,True,False,True,Default,Default,False,False,False,Default,Default,Default,Default,Default,InProcessEmitToolchain,Default,Default,Default,Default,Default,Default,Default,Default,Default,Default,Default,16,Default,317.02 ns,2.135 ns,1.783 ns,316.71 ns,11.10,0.10,0.0196,0.0000,376 B,15.67
RoutingFirstParityWarmPathBenchmarks,'Dispatch: pre-routed remote event (Azure Event Hubs) throughput profile',warmpath-inproc,False,Default,Default,Default,Default,Default,Default,11111111111111111111111111111111,Empty,RyuJit,Default,X64,00000000-0000-0000-0000-000000000000,.NET 10.0,False,True,False,True,Default,Default,False,False,False,Default,Default,Default,Default,Default,InProcessEmitToolchain,Default,Default,Default,Default,Default,Default,Default,Default,Default,Default,Default,16,Default,252.37 ns,2.218 ns,1.966 ns,252.46 ns,8.84,0.09,0.0186,0.0000,352 B,14.67
RoutingFirstParityWarmPathBenchmarks,'Dispatch: pre-routed remote event (Azure Event Hubs) retry profile',warmpath-inproc,False,Default,Default,Default,Default,Default,Default,11111111111111111111111111111111,Empty,RyuJit,Default,X64,00000000-0000-0000-0000-000000000000,.NET 10.0,False,True,False,True,Default,Default,False,False,False,Default,Default,Default,Default,Default,InProcessEmitToolchain,Default,Default,Default,Default,Default,Default,Default,Default,Default,Default,Default,16,Default,243.08 ns,2.297 ns,1.794 ns,243.40 ns,8.51,0.09,0.0196,0.0000,376 B,15.67
RoutingFirstParityWarmPathBenchmarks,'Dispatch: pre-routed remote event (Azure Event Hubs) poison profile',warmpath-inproc,False,Default,Default,Default,Default,Default,Default,11111111111111111111111111111111,Empty,RyuJit,Default,X64,00000000-0000-0000-0000-000000000000,.NET 10.0,False,True,False,True,Default,Default,False,False,False,Default,Default,Default,Default,Default,InProcessEmitToolchain,Default,Default,Default,Default,Default,Default,Default,Default,Default,Default,Default,16,Default,227.78 ns,2.508 ns,2.346 ns,227.24 ns,7.98,0.10,0.0174,0.0000,328 B,13.67
RoutingFirstParityWarmPathBenchmarks,'Dispatch: pre-routed remote event (Azure Event Hubs) observability profile',warmpath-inproc,False,Default,Default,Default,Default,Default,Default,11111111111111111111111111111111,Empty,RyuJit,Default,X64,00000000-0000-0000-0000-000000000000,.NET 10.0,False,True,False,True,Default,Default,False,False,False,Default,Default,Default,Default,Default,InProcessEmitToolchain,Default,Default,Default,Default,Default,Default,Default,Default,Default,Default,Default,16,Default,322.32 ns,4.483 ns,4.193 ns,321.95 ns,11.29,0.17,0.0196,0.0000,376 B,15.67
RoutingFirstParityWarmPathBenchmarks,'Dispatch: pre-routed remote event (gRPC) throughput profile',warmpath-inproc,False,Default,Default,Default,Default,Default,Default,11111111111111111111111111111111,Empty,RyuJit,Default,X64,00000000-0000-0000-0000-000000000000,.NET 10.0,False,True,False,True,Default,Default,False,False,False,Default,Default,Default,Default,Default,InProcessEmitToolchain,Default,Default,Default,Default,Default,Default,Default,Default,Default,Default,Default,16,Default,241.76 ns,1.791 ns,1.495 ns,241.69 ns,8.47,0.08,0.0186,0.0000,352 B,14.67
RoutingFirstParityWarmPathBenchmarks,'Dispatch: pre-routed remote event (gRPC) retry profile',warmpath-inproc,False,Default,Default,Default,Default,Default,Default,11111111111111111111111111111111,Empty,RyuJit,Default,X64,00000000-0000-0000-0000-000000000000,.NET 10.0,False,True,False,True,Default,Default,False,False,False,Default,Default,Default,Default,Default,InProcessEmitToolchain,Default,Default,Default,Default,Default,Default,Default,Default,Default,Default,Default,16,Default,238.07 ns,1.450 ns,1.356 ns,237.83 ns,8.34,0.08,0.0196,0.0000,376 B,15.67
RoutingFirstParityWarmPathBenchmarks,'Dispatch: pre-routed remote event (gRPC) poison profile',warmpath-inproc,False,Default,Default,Default,Default,Default,Default,11111111111111111111111111111111,Empty,RyuJit,Default,X64,00000000-0000-0000-0000-000000000000,.NET 10.0,False,True,False,True,Default,Default,False,False,False,Default,Default,Default,Default,Default,InProcessEmitToolchain,Default,Default,Default,Default,Default,Default,Default,Default,Default,Default,Default,16,Default,224.59 ns,3.122 ns,2.768 ns,224.10 ns,7.86,0.11,0.0174,0.0000,328 B,13.67
RoutingFirstParityWarmPathBenchmarks,'Dispatch: pre-routed remote event (gRPC) observability profile',warmpath-inproc,False,Default,Default,Default,Default,Default,Default,11111111111111111111111111111111,Empty,RyuJit,Default,X64,00000000-0000-0000-0000-000000000000,.NET 10.0,False,True,False,True,Default,Default,False,False,False,Default,Default,Default,Default,Default,InProcessEmitToolchain,Default,Default,Default,Default,Default,Default,Default,Default,Default,Default,Default,16,Default,318.21 ns,4.987 ns,4.165 ns,317.94 ns,11.14,0.16,0.0196,0.0000,376 B,15.67
RoutingFirstParityWarmPathBenchmarks,'Dispatch: pre-routed remote event (Kafka)',warmpath-inproc,False,Default,Default,Default,Default,Default,Default,11111111111111111111111111111111,Empty,RyuJit,Default,X64,00000000-0000-0000-0000-000000000000,.NET 10.0,False,True,False,True,Default,Default,False,False,False,Default,Default,Default,Default,Default,InProcessEmitToolchain,Default,Default,Default,Default,Default,Default,Default,Default,Default,Default,Default,16,Default,185.42 ns,1.105 ns,0.980 ns,185.27 ns,6.49,0.06,0.0160,0.0000,304 B,12.67
RoutingFirstParityWarmPathBenchmarks,'Dispatch: pre-routed remote event (RabbitMQ)',warmpath-inproc,False,Default,Default,Default,Default,Default,Default,11111111111111111111111111111111,Empty,RyuJit,Default,X64,00000000-0000-0000-0000-000000000000,.NET 10.0,False,True,False,True,Default,Default,False,False,False,Default,Default,Default,Default,Default,InProcessEmitToolchain,Default,Default,Default,Default,Default,Default,Default,Default,Default,Default,Default,16,Default,183.52 ns,2.442 ns,2.039 ns,183.82 ns,6.43,0.08,0.0160,0.0000,304 B,12.67
RoutingFirstParityWarmPathBenchmarks,'Dispatch: pre-routed Kafka throughput profile',warmpath-inproc,False,Default,Default,Default,Default,Default,Default,11111111111111111111111111111111,Empty,RyuJit,Default,X64,00000000-0000-0000-0000-000000000000,.NET 10.0,False,True,False,True,Default,Default,False,False,False,Default,Default,Default,Default,Default,InProcessEmitToolchain,Default,Default,Default,Default,Default,Default,Default,Default,Default,Default,Default,16,Default,243.60 ns,2.243 ns,2.098 ns,244.00 ns,8.53,0.10,0.0186,0.0000,352 B,14.67
RoutingFirstParityWarmPathBenchmarks,'Dispatch: pre-routed Kafka retry profile',warmpath-inproc,False,Default,Default,Default,Default,Default,Default,11111111111111111111111111111111,Empty,RyuJit,Default,X64,00000000-0000-0000-0000-000000000000,.NET 10.0,False,True,False,True,Default,Default,False,False,False,Default,Default,Default,Default,Default,InProcessEmitToolchain,Default,Default,Default,Default,Default,Default,Default,Default,Default,Default,Default,16,Default,243.78 ns,3.736 ns,3.312 ns,243.75 ns,8.54,0.13,0.0196,0.0000,376 B,15.67
RoutingFirstParityWarmPathBenchmarks,'Dispatch: pre-routed Kafka poison profile',warmpath-inproc,False,Default,Default,Default,Default,Default,Default,11111111111111111111111111111111,Empty,RyuJit,Default,X64,00000000-0000-0000-0000-000000000000,.NET 10.0,False,True,False,True,Default,Default,False,False,False,Default,Default,Default,Default,Default,InProcessEmitToolchain,Default,Default,Default,Default,Default,Default,Default,Default,Default,Default,Default,16,Default,225.26 ns,1.640 ns,1.370 ns,224.89 ns,7.89,0.08,0.0174,0.0000,328 B,13.67
RoutingFirstParityWarmPathBenchmarks,'Dispatch: pre-routed Kafka observability profile',warmpath-inproc,False,Default,Default,Default,Default,Default,Default,11111111111111111111111111111111,Empty,RyuJit,Default,X64,00000000-0000-0000-0000-000000000000,.NET 10.0,False,True,False,True,Default,Default,False,False,False,Default,Default,Default,Default,Default,InProcessEmitToolchain,Default,Default,Default,Default,Default,Default,Default,Default,Default,Default,Default,16,Default,323.54 ns,5.652 ns,5.287 ns,322.82 ns,11.33,0.20,0.0196,0.0000,376 B,15.67
RoutingFirstParityWarmPathBenchmarks,'Dispatch: pre-routed RabbitMQ throughput profile',warmpath-inproc,False,Default,Default,Default,Default,Default,Default,11111111111111111111111111111111,Empty,RyuJit,Default,X64,00000000-0000-0000-0000-000000000000,.NET 10.0,False,True,False,True,Default,Default,False,False,False,Default,Default,Default,Default,Default,InProcessEmitToolchain,Default,Default,Default,Default,Default,Default,Default,Default,Default,Default,Default,16,Default,243.87 ns,2.130 ns,1.779 ns,242.91 ns,8.54,0.09,0.0186,0.0000,352 B,14.67
RoutingFirstParityWarmPathBenchmarks,'Dispatch: pre-routed RabbitMQ retry profile',warmpath-inproc,False,Default,Default,Default,Default,Default,Default,11111111111111111111111111111111,Empty,RyuJit,Default,X64,00000000-0000-0000-0000-000000000000,.NET 10.0,False,True,False,True,Default,Default,False,False,False,Default,Default,Default,Default,Default,InProcessEmitToolchain,Default,Default,Default,Default,Default,Default,Default,Default,Default,Default,Default,16,Default,241.74 ns,1.937 ns,1.618 ns,241.41 ns,8.46,0.08,0.0196,0.0000,376 B,15.67
RoutingFirstParityWarmPathBenchmarks,'Dispatch: pre-routed RabbitMQ poison profile',warmpath-inproc,False,Default,Default,Default,Default,Default,Default,11111111111111111111111111111111,Empty,RyuJit,Default,X64,00000000-0000-0000-0000-000000000000,.NET 10.0,False,True,False,True,Default,Default,False,False,False,Default,Default,Default,Default,Default,InProcessEmitToolchain,Default,Default,Default,Default,Default,Default,Default,Default,Default,Default,Default,16,Default,224.36 ns,1.948 ns,1.822 ns,224.22 ns,7.86,0.09,0.0174,0.0000,328 B,13.67
RoutingFirstParityWarmPathBenchmarks,'Dispatch: pre-routed RabbitMQ observability profile',warmpath-inproc,False,Default,Default,Default,Default,Default,Default,11111111111111111111111111111111,Empty,RyuJit,Default,X64,00000000-0000-0000-0000-000000000000,.NET 10.0,False,True,False,True,Default,Default,False,False,False,Default,Default,Default,Default,Default,InProcessEmitToolchain,Default,Default,Default,Default,Default,Default,Default,Default,Default,Default,Default,16,Default,317.35 ns,2.705 ns,2.259 ns,317.53 ns,11.11,0.11,0.0196,0.0000,376 B,15.67
