Method,Job,AnalyzeLaunchVariance,EvaluateOverhead,MaxAbsoluteError,MaxRelativeError,MinInvokeCount,MinIterationTime,OutlierMode,Affinity,EnvironmentVariables,Jit,LargeAddressAware,Platform,PowerPlanMode,Runtime,AllowVeryLargeObjects,Concurrent,CpuGroups,Force,HeapAffinitizeMask,HeapCount,NoAffinitize,RetainVm,Server,Arguments,BuildConfiguration,Clock,EngineFactory,NuGetReferences,Toolchain,IsMutator,InvocationCount,IterationCount,IterationTime,LaunchCount,MaxIterationCount,MaxWarmupIterationCount,MemoryRandomization,MinIterationCount,MinWarmupIterationCount,RunStrategy,UnrollFactor,WarmupCount,Mean,Error,StdDev,Ratio,RatioSD,Gen0,Gen1,Allocated,Alloc Ratio
'Dispatch (remote): queued command end-to-end',warmpath-inproc,False,Default,Default,Default,Default,Default,Default,11111111111111111111111111111111,Empty,RyuJit,Default,X64,00000000-0000-0000-0000-000000000000,.NET 10.0,False,True,False,True,Default,Default,False,False,False,Default,Default,Default,Default,Default,InProcessEmitToolchain,Default,Default,Default,Default,Default,Default,Default,Default,Default,Default,Default,16,Default,1.361 μs,0.0269 μs,0.0567 μs,1.00,0.06,0.0420,0.0000,793 B,1.00
'Wolverine: queued command end-to-end (SendAsync)',warmpath-inproc,False,Default,Default,Default,Default,Default,Default,11111111111111111111111111111111,Empty,RyuJit,Default,X64,00000000-0000-0000-0000-000000000000,.NET 10.0,False,True,False,True,Default,Default,False,False,False,Default,Default,Default,Default,Default,InProcessEmitToolchain,Default,Default,Default,Default,Default,Default,Default,Default,Default,Default,Default,16,Default,4.050 μs,0.0793 μs,0.0882 μs,2.98,0.14,0.2289,0.0000,4400 B,5.55
'MassTransit: queued command end-to-end (Publish)',warmpath-inproc,False,Default,Default,Default,Default,Default,Default,11111111111111111111111111111111,Empty,RyuJit,Default,X64,00000000-0000-0000-0000-000000000000,.NET 10.0,False,True,False,True,Default,Default,False,False,False,Default,Default,Default,Default,Default,InProcessEmitToolchain,Default,Default,Default,Default,Default,Default,Default,Default,Default,Default,Default,16,Default,16.457 μs,0.8112 μs,2.3662 μs,12.11,1.80,1.0986,0.0000,22086 B,27.85
'Dispatch (remote): queued event fan-out end-to-end',warmpath-inproc,False,Default,Default,Default,Default,Default,Default,11111111111111111111111111111111,Empty,RyuJit,Default,X64,00000000-0000-0000-0000-000000000000,.NET 10.0,False,True,False,True,Default,Default,False,False,False,Default,Default,Default,Default,Default,InProcessEmitToolchain,Default,Default,Default,Default,Default,Default,Default,Default,Default,Default,Default,16,Default,1.420 μs,0.0279 μs,0.0582 μs,1.04,0.06,0.0420,0.0000,794 B,1.00
'Wolverine: queued event fan-out end-to-end (PublishAsync)',warmpath-inproc,False,Default,Default,Default,Default,Default,Default,11111111111111111111111111111111,Empty,RyuJit,Default,X64,00000000-0000-0000-0000-000000000000,.NET 10.0,False,True,False,True,Default,Default,False,False,False,Default,Default,Default,Default,Default,InProcessEmitToolchain,Default,Default,Default,Default,Default,Default,Default,Default,Default,Default,Default,16,Default,3.983 μs,0.0505 μs,0.0447 μs,2.93,0.12,0.2289,0.0000,4400 B,5.55
'MassTransit: queued event fan-out end-to-end (Publish)',warmpath-inproc,False,Default,Default,Default,Default,Default,Default,11111111111111111111111111111111,Empty,RyuJit,Default,X64,00000000-0000-0000-0000-000000000000,.NET 10.0,False,True,False,True,Default,Default,False,False,False,Default,Default,Default,Default,Default,InProcessEmitToolchain,Default,Default,Default,Default,Default,Default,Default,Default,Default,Default,Default,16,Default,31.624 μs,1.5938 μs,4.6993 μs,23.27,3.57,2.1057,0.1526,39416 B,49.70
'Dispatch (remote): queued commands end-to-end (10 concurrent)',warmpath-inproc,False,Default,Default,Default,Default,Default,Default,11111111111111111111111111111111,Empty,RyuJit,Default,X64,00000000-0000-0000-0000-000000000000,.NET 10.0,False,True,False,True,Default,Default,False,False,False,Default,Default,Default,Default,Default,InProcessEmitToolchain,Default,Default,Default,Default,Default,Default,Default,Default,Default,Default,Default,16,Default,7.072 μs,0.1411 μs,0.1449 μs,5.20,0.24,0.2670,0.0000,5118 B,6.45
'Wolverine: queued commands end-to-end (10 concurrent)',warmpath-inproc,False,Default,Default,Default,Default,Default,Default,11111111111111111111111111111111,Empty,RyuJit,Default,X64,00000000-0000-0000-0000-000000000000,.NET 10.0,False,True,False,True,Default,Default,False,False,False,Default,Default,Default,Default,Default,InProcessEmitToolchain,Default,Default,Default,Default,Default,Default,Default,Default,Default,Default,Default,16,Default,40.701 μs,0.6176 μs,0.5777 μs,29.95,1.29,2.3193,0.0000,44489 B,56.10
'MassTransit: queued commands end-to-end (10 concurrent)',warmpath-inproc,False,Default,Default,Default,Default,Default,Default,11111111111111111111111111111111,Empty,RyuJit,Default,X64,00000000-0000-0000-0000-000000000000,.NET 10.0,False,True,False,True,Default,Default,False,False,False,Default,Default,Default,Default,Default,InProcessEmitToolchain,Default,Default,Default,Default,Default,Default,Default,Default,Default,Default,Default,16,Default,161.395 μs,6.6747 μs,19.5757 μs,118.77,15.14,11.4746,0.7324,219091 B,276.28
